,ID,nom_scientifique,nom_commun,id_famille,taille_adulte_₋,taille_adulte_₊,profondeur_habituelle_-,profondeur_habituelle₊,Colonne_d_eau,reglementation,danger,mode_de_vie,entrainement_modele,A_entrainer,Cotes_françaises,Mediterranée,Atlantique,Manche,Mer du Nord,Pêche_commerciale
0,1,Sardina pilchardus,La sardine,1,18.0,20,5.0,60.0,loin du fond,,,,,,,,,,,
1,2,Clupeonella cultriventris,La clupeonelle,1,10.0,15,0.0,20.0,loin du fond,,,,,,,,,,,
2,3,Sprattus sprattus,Le sprat,1,12.0,15,5.0,50.0,loin du fond,,,,,,,,,,,
3,4,Clupea harengus,Le hareng,1,30.0,35,5.0,50.0,loin du fond,,,,,,,,,,,
4,5,Sardinella aurita,La sardinelle,1,25.0,30,10.0,80.0,loin du fond,,,,,,,,,,,
5,6,Sardinella maderensis,La sardinelle de Madère,1,24.0,27,5.0,50.0,loin du fond,,,,,,,,,,,
6,7,Alosa alosa,L’alose vraie,1,50.0,60,5.0,30.0,loin du fond,,,,,,,,,,,
7,8,Alosa fallax,L’alose feinte,1,45.0,50,5.0,30.0,loin du fond,,,,,,,,,,,
8,9,Engraulis encrasicolus,L’anchois,2,15.0,17,2.0,50.0,loin du fond,,,,,,,,,,,
9,10,Dussumieria elopsoides,La sardine arc-en-ciel,1,15.0,20,0.0,20.0,loin du fond,,,,,,,,,,,
10,11,Herklotsichthys punctatus,Le hareng tacheté,1,7.0,"8,5",0.0,20.0,loin du fond,,,,,,,,,,,
11,12,Etrumeus sadina,La sardine ronde,1,15.0,25,0.0,20.0,loin du fond,,,,,,,,,,,
12,13,Spratelloides delicatulus,Le hareng rond,1,6.0,7,0.0,20.0,loin du fond,,,,,,,,,,,
13,14,Megalops atlanticus,Le tarpon atlantique,3,103.0,108,2.0,15.0,loin du fond,,,,,,,,,,,
14,15,Cheilopogon heterurus,Le poisson volant mediterranéen,4,30.0,35,0.0,5.0,loin du fond, ,,,,,,,,,,
15,16,Hirundichthys rondeletii,Le poisson volant à ailes noires,4,25.0,30,0.0,50.0,loin du fond,,,,,,,,,,,
16,17,Hirundichthys speculiger,Le poisson volant à ailes bordées,4,20.0,25,0.0,5.0,loin du fond,,,,,,,,,,,
17,18,Cheilopogon pinnatibarbatus,Le poisson volant à miroirs,4,35.0,42,0.0,5.0,loin du fond,,,,,,,,,,,
18,19,Cheilopogon exsiliens,Le poisson volant à ailes rayées,4,25.0,30,0.0,5.0,loin du fond,,,,,,,,,,,
19,20,Exocoetus volitans,L’exocet commun,4,20.0,23,0.0,5.0,loin du fond,,,,,,,,,,,
20,21,Exocoetus obtusirostris,L’exocet-bouledogue,4,18.0,24,0.0,5.0,loin du fond,,,,,,,,,,,
21,22,Parexocoetus mento,Le poisson volant à dorsale sombre,4,10.0,13,0.0,3.0,loin du fond,,,,,,,,,,,
22,23,Schedophilus ovalis,Le rouffe impérial,5,70.0,80,0.0,250.0,loin du fond,,,,,,,,,,,
23,24,Centrolophus niger,Le centrolophe noir,5,120.0,150,5.0,800.0,loin du fond,,,,,,,,,,,
24,25,Hyperoglyphe perciformis,Le rouffe des epaves,5,60.0,90,0.0,100.0,loin du fond,,,,,,,,,,,
25,26,Schedophilus medusophagus,Le rouffe des meduses,5,40.0,50,0.0,100.0,loin du fond,,,,,,,,,,,
26,27,Stromateus fiatola,La fiatole,6,40.0,55,10.0,70.0,loin du fond,,,,,,,,,,,
27,28,Pampus argenteus,Le pampus argenté,6,50.0,65,0.0,30.0,loin du fond,,,,,,,,,,,
28,29,Lampris guttatus,Le lampris,7,120.0,200,5.0,400.0,loin du fond,,,,,,,,,,,
29,30,Brama brama,La grande castagnole,8,55.0,75,5.0,800.0,loin du fond,,,,,,,,,,,
30,31,Luvarus imperialis,Le louvereau,9,150.0,190,5.0,200.0,loin du fond,,,,,,,,,,,
31,32,Coryphaena hippurus,La grande coryphene,10,100.0,130,2.0,30.0,loin du fond,,,,,,,,,,,
32,33,Pomatomus saltatrix,Le tassergal,11,60.0,90,10.0,40.0,loin du fond,,,,,,,,,,,
33,34,Spicara maena,La mendole,12,20.0,23,5.0,50.0,loin du fond,,,,,,,,,,,
34,35,Spicara melanurus,La mendole queue noire,12,25.0,30,1.0,200.0,loin du fond,,,,,,,,,,,
35,36,Spicara maena,Le gerle,12,18.0,22,5.0,50.0,loin du fond,,,,,,,,,,,
36,37,Spicara smaris,Le picarel,12,15.0,20,15.0,70.0,loin du fond,,,,,,,,,,,
37,38,Centracanthus cirrus,Le picarel guetteur,12,15.0,20,30.0,80.0,loin du fond,,,,,,,,,,,
38,39,Argentina sphyraena,La petite argentine,13,25.0,32,50.0,200.0,loin du fond,,,,,,,,,,,
39,40,Argentina silus,La grande argentine,13,55.0,70,150.0,600.0,loin du fond,,,,,,,,,,,
40,41,Coregonus albula,Le coregone blanc,14,22.0,26,0.0,10.0,loin du fond,,,,,,,,,,,
41,42,Coregonus lavaretus,Le lavaret,14,45.0,50,5.0,30.0,loin du fond,,,,,,,,,,,
42,43,Salmo salar,Le saumon atlantique,14,100.0,130,5.0,20.0,loin du fond,,,,,,,,,,,
43,44,Salmo trutta trutta,La truite de mer,14,80.0,100,5.0,30.0,loin du fond,,,,,,,,,,,
44,45,Oncorhynchus mykiss,La truite arc en ciel,14,60.0,80,1.0,30.0,loin du fond,,,,,,,,,,,
45,46,Oncorhynchus keta,Le saumon argenté,14,70.0,100,0.0,50.0,loin du fond,,,,,,,,,,,
46,47,Oncorhynchus kisutch,Le saumon coho,14,65.0,90,0.0,50.0,loin du fond,,,,,,,,,,,
47,48,Oncorhynchus gorbuscha,Le saumon à bosse,14,50.0,65,0.0,50.0,loin du fond,,,,,,,,,,,
48,49,Salvelinus alpinus,L’omble chevalier,14,50.0,60,1.0,30.0,loin du fond,,,,,,,,,,,
49,50,Salvelinus fontinalis,Le saumon de fontaine,14,40.0,50,1.0,30.0,loin du fond,,,,,,,,,,,
50,51,Osmerus eperlanus,L’eperlan,15,20.0,35,0.0,30.0,loin du fond,,,,,,,,,,,
51,52,Mallotus villosus,Le capelan atlantique,15,20.0,23,0.0,300.0,loin du fond,,,,,,,,,,,
52,53,Chlorophtalmus agassizi,L’eperlan du large,16,15.0,20,50.0,1000.0,loin du fond,,,,,,,,,,,
53,54,Magnisudis atlantica,La barracudine,17,40.0,50,200.0,800.0,loin du fond,,,,,,,,,,,
54,55,Chelon labrosus,Le mulet lippu,18,40.0,60,0.0,5.0,loin du fond,,,,,,,,,,,
55,56,Oedalechilus labeo,Le mulet labeon,18,18.0,25,0.0,10.0,loin du fond,,,,,,,,,,,
56,57,Mugil cephalus,Le mulet à grosse tête,18,60.0,90,0.0,5.0,loin du fond,,,,,,,,,,,
57,58,Chelon auratus,Le mulet doré,18,35.0,40,0.0,5.0,loin du fond,,,,,,,,,,,
58,59,Chelon ramada,Le mulet porc,18,40.0,60,0.0,5.0,loin du fond,,,,,,,,,,,
59,60,Chelon saliens,Le mulet sauteur,18,35.0,40,0.0,10.0,loin du fond,,,,,,,,,,,
60,61,Planiliza carinata,Le mulet errant,18,18.0,30,0.0,10.0,loin du fond,,,,,,,,,,,
61,62,Atherina boyeri,Le joel,19,8.0,10,0.0,3.0,loin du fond,,,,,,,,,,,
62,63,Atherinomorus lacunosus,L’atherine têtue,19,12.0,14,0.0,10.0,loin du fond,,,,,,,,,,,
63,64,Atherina sp,L’atherine à points noirs,19,8.0,10,0.0,3.0,loin du fond,,,,,,,,,,,
64,65,Atherina hepsetus,Le sauclet,19,10.0,13,0.0,3.0,loin du fond,,,,,,,,,,,
65,66,Atherina presbyter,Le prêtre,19,12.0,15,0.0,3.0,loin du fond,,,,,,,,,,,
66,67,Trachurus trachurus,Le chinchard commun,20,30.0,40,10.0,100.0,loin du fond,,,,,,,,,,,
67,68,Trachurus mediterraneus,Le chinchard à queue jaune,20,30.0,50,10.0,50.0,loin du fond,,,,,,,,,,,
68,69,Trachurus picturatus,Le chinchard bleu,20,40.0,60,0.0,370.0,loin du fond,,,,,,,,,,,
69,70,Trachurus trecae,Le chinchard cunéné,20,30.0,40,0.0,100.0,loin du fond,,,,,,,,,,,
70,71,Decapterus macarellus,La comète-maquereau,20,25.0,35,20.0,200.0,loin du fond,,,,,,,,,,,
71,72,Decapterus punctatus,La comète kia-kia,20,20.0,27,0.0,100.0,loin du fond,,,,,,,,,,,
72,73,Selar crumenophtalmus,Le selar gros yeux,20,30.0,40,10.0,50.0,loin du fond,,,,,,,,,,,
73,74,Alepes djedaba,Le selar subari,20,28.0,36,5.0,30.0,loin du fond,,,,,,,,,,,
74,75,Caranx ronchus,La comète coussut,20,45.0,60,30.0,50.0,loin du fond,,,,,,,,,,,
75,76,Uraspis helvola,La carangue bouche blanche,20,40.0,50,5.0,50.0,loin du fond,,,,,,,,,,,
76,77,Caranx crysos,La carangue coubali,20,45.0,60,0.0,40.0,loin du fond,,,,,,,,,,,
77,78,Caranx latus,La carangue gros yeux,20,50.0,60,1.0,20.0,loin du fond,,,,,,,,,,,
78,79,Caranx hippos,La carangue crevalle,20,60.0,80,1.0,40.0,loin du fond,,,,,,,,,,,
79,80,Caranx lugubris,La carangue noire,20,70.0,80,25.0,50.0,loin du fond,,,,,,,,,,,
80,81,Pseudocaranx dentex,La carangue dentue,20,50.0,60,10.0,50.0,loin du fond,,,,,,,,,,,
81,82,Scyris alexandrina,Le cordonnier bossu,20,60.0,80,0.0,50.0,loin du fond,,,,,,,,,,,
82,83,Alectis ciliaris,La carangue à plumes,20,100.0,130,1.0,100.0,loin du fond,,,,,,,,,,,
83,84,Selene dorsalis,Le musso Africain,20,30.0,38,0.0,100.0,loin du fond,,,,,,,,,,,
84,85,Trachinotus ovatus,La palomine,20,35.0,50,1.0,10.0,loin du fond,,,,,,,,,,,
85,86,Lichia amia,La liche,20,100.0,180,1.0,30.0,loin du fond,,,,,,,,,,,
86,87,Campogramma glaycos,La liche vadigo,20,60.0,75,15.0,30.0,loin du fond,,,,,,,,,,,
87,88,Elagatis bipinnulata,La carangue arc-en-ciel,20,80.0,90,10.0,30.0,loin du fond,,,,,,,,,,,
88,89,Seriola dumerili,La grande seriole,20,100.0,130,20.0,70.0,loin du fond,,,,,,,,,,,
89,90,Seriola carpenteri,La seriole guinéene,20,45.0,55,0.0,200.0,loin du fond,,,,,,,,,,,
90,91,Seriola fasciata,La seriole babiane,20,55.0,65,20.0,70.0,loin du fond,,,,,,,,,,,
91,92,Seriola rivoliana,La seriole limon,20,80.0,90,30.0,70.0,loin du fond,,,,,,,,,,,
92,93,Naucrates ductor,Le poisson-pilote,20,40.0,50,1.0,15.0,loin du fond,,,,,,,,,,,
93,94,Nomeus gronovii,Le dérivant des physalies,21,20.0,28,0.0,10.0,loin du fond,,,,,,,,,,,
94,95,Cubiceps gracilis,Le dérivant brun,21,30.0,60,0.0,3000.0,loin du fond,,,,,,,,,,,
95,96,Psenes pellucidus,Le dérivant gélatineux,21,50.0,90,0.0,500.0,loin du fond,,,,,,,,,,,
96,97,Merluccius merluccius,Le merlu commun,22,80.0,110,70.0,3000.0,loin du fond,,,,,,,,,,,
97,98,Dicentrarchus labrax,Le bar commun,23,70.0,80,1.0,30.0,loin du fond,,,,oui,,,,,,,
98,99,Dicentrarchus punctatus,Le bar tacheté,23,45.0,60,1.0,10.0,loin du fond,,,,,,,,,,,
99,100,Sphyraena sphyraena,Le brochet de mer,24,60.0,80,5.0,40.0,loin du fond,,,,,,,,,,,
100,101,Sphyraena viridensis,La bécune bouche jaune,24,100.0,120,5.0,30.0,loin du fond,,,,,,,,,,,
101,102,Sphyraena pinguis,La bécune à ligne jaune,24,30.0,40,0.0,20.0,loin du fond,,,,,,,,,,,
102,103,Scomber scombrus,Le maquereau commun,25,35.0,40,0.0,100.0,loin du fond,,,,,,,,,,,
103,104,Scomber japonicus,Le maquereau espagnol,25,30.0,40,10.0,100.0,loin du fond,,,,,,,,,,,
104,105,Rastrelliger kanagurta,le maquereau indien,25,30.0,35,5.0,20.0,loin du fond,,,,,,,,,,,
105,106,Sarda sarda,La bonite à dos rayé,25,70.0,80,0.0,50.0,loin du fond,,,,,,,,,,,
106,107,Auxis thazard,L’auxide,25,45.0,65,0.0,30.0,loin du fond,,,,,,,,,,,
107,108,Katsuwonus pelamis,La bonite à ventre rayé,25,80.0,90,0.0,30.0,loin du fond,,,,,,,,,,,
108,109,Auxis rochei,Le bonitou,25,35.0,50,0.0,30.0,loin du fond,,,,,,,,,,,
109,110,Euthynnus alletteratus,La thonite commune,25,80.0,100,0.0,40.0,loin du fond,,,,,,,,,,,
110,111,Orcynopsis unicolor,La palomette,25,100.0,130,0.0,40.0,loin du fond,,,,,,,,,,,
111,112,Thunnus thynnus,Le thon rouge,25,200.0,250,0.0,70.0,loin du fond,,,,,,,,,,,
112,113,Thunnus albacares,Le thon albacore,25,160.0,200,0.0,100.0,loin du fond,,,,,,,,,,,
113,114,Thunnus obesus,Le thon obèse,25,200.0,250,0.0,250.0,loin du fond,,,,,,,,,,,
114,115,Thunnus alalunga,Le germon,25,80.0,100,0.0,100.0,loin du fond,,,,,,,,,,,
115,116,Scomberomorus tritor,Le thazard blanc,25,60.0,80,0.0,15.0,loin du fond,,,,,,,,,,,
116,117,Scomberomorus commerson,Le thazard rayé,25,100.0,150,10.0,50.0,loin du fond,,,,,,,,,,,
117,118,Acanthocybium Solandri,Le thazard bâtard,25,150.0,180,0.0,15.0,loin du fond,,,,,,,,,,,
118,119,Belone belone,L’orphie,26,70.0,80,0.0,1.0,loin du fond,,,,,,,,,,,
119,120,Platybelone argalus,L’orphie carène,26,40.0,50,0.0,5.0,loin du fond,,,,,,,,,,,
120,121,Tylosurus choram,L’aiguille voyageuse de mer rouge,26,60.0,75,0.0,5.0,loin du fond,,,,,,,,,,,
121,122,Scomberesox saurus,Le balaou,27,40.0,50,0.0,15.0,loin du fond,,,,,,,,,,,
122,123,Hyporhamphus picarti,Le demi bec africain,28,14.0,18,0.0,5.0,loin du fond,,,,,,,,,,,
123,124,Hemiramphus far,Le demi bec à barres noires,28,30.0,44,0.0,10.0,loin du fond,,,,,,,,,,,
124,125,Hyporhamphus affinis,Le demi bec tropical,28,25.0,30,0.0,10.0,loin du fond,,,,,,,,,,,
125,126,Xiphias gladius,L’espadon,29,250.0,350,10.0,125.0,loin du fond,,,,,,,,,,,
126,127,Istiophorus platypterus,Le voilier de l’atlantique,30,250.0,315,0.0,50.0,loin du fond,,,,,,,,,,,
127,128,Makaira nigricans,La makaire bleu,30,400.0,500,0.0,50.0,loin du fond,,,,,,,,,,,
128,129,Tetrapturus albidus,Le makaire blanc,30,200.0,300,0.0,50.0,loin du fond,,,,,,,,,,,
129,130,Tetrapturus georgii,Le makaire bec fin,30,150.0,200,0.0,50.0,loin du fond,,,,,,,,,,,
130,131,Tetrapturus belone,Le marlin de mediterranée,30,200.0,240,0.0,200.0,loin du fond,,,,,,,,,,,
131,132,Tetrapturus pfluegeri,La makaire bécune,30,200.0,250,0.0,50.0,loin du fond,,,,,,,,,,,
132,133,Mola mola,Le poisson lune,31,150.0,200,0.0,30.0,loin du fond,,,,,,,,,,,
133,134,Masturus lanceolatus,Le poisson lune lacéolé,31,150.0,300,0.0,300.0,loin du fond,,,,,,,,,,,
134,135,Ranzania laevis,Le poisson lune tronqué,31,60.0,80,0.0,50.0,loin du fond,,,,,,,,,,,
135,136,Syngnathus phlegon,Le syngnathe épineux,32,15.0,20,0.0,50.0,loin du fond,,,,,,,,,,,
136,137,Syngnathus shmidti,Le syngnathe de Schmidt,32,8.0,11,0.0,50.0,loin du fond,,,,,,,,,,,
137,138,Alepisaurus ferox,Le poisson lancette,33,150.0,200,1.0,1000.0,loin du fond,,,,,,,,,,,
138,139,Lepidopus caudatus,Le sabre argenté,34,150.0,210,30.0,400.0,loin du fond,,,,,,,,,,,
139,140,Trichiurus lepturus,Le sabre à queue pointue,34,120.0,150,3.0,350.0,loin du fond,,,,,,,,,,,
140,141,Aphanopus carbo,Le sabre noir,34,90.0,110,200.0,1600.0,loin du fond,,,,,,,,,,,
141,142,Lagocephalus lagocephalus,Le tétraodon lievre océanique,35,50.0,55,0.0,30.0,loin du fond,,Toxicité/morsure,,,,,,,,,
142,143,Lagocephalus spadiceus,Le tétraodon lièvre doré,35,20.0,30,0.0,50.0,loin du fond,,Toxicité/morsure,,,,,,,,,
143,144,Trachipterus arcticus,Le trachyptere atlantique,36,150.0,260,50.0,600.0,loin du fond,,,,,,,,,,,
144,145,Zu cristatus,Le trachyptere ventru,36,80.0,100,1.0,500.0,loin du fond,,,,,,,,,,,
145,146,Trachipterus trachypterus,Le trachyptere commun,36,150.0,300,10.0,500.0,loin du fond,,,,,,,,,,,
146,147,Regalecus glesne,Le regalec,37,700.0,1100,100.0,1000.0,loin du fond,,,,,,,,,,,
147,148,Lophotus lacepede,Le poisson ruban licorne,38,100.0,180,100.0,1000.0,loin du fond,,,,,,,,,,,
148,149,Echeneis naucrates,Le rémora rayé,39,90.0,100,0.0,15.0,loin du fond,,,,,,,,,,,
149,150,Remora osteochir,Le rémora noir des marlins,39,35.0,45,0.0,50.0,loin du fond,,,,,,,,,,,
150,151,Phtheirichthys lineatus,Le rémora grêle,39,45.0,76,,,loin du fond,,,,,,,,,,,
151,152,Remora brachyptera,Le rémora blanc des marlins,39,30.0,40,0.0,50.0,loin du fond,,,,,,,,,,,
152,153,Remora albescens,Le rémora des mantas,39,25.0,33,0.0,40.0,loin du fond,,,,,,,,,,,
153,154,Remora remora,Le rémora des requins,39,65.0,86,0.0,50.0,loin du fond,,,,,,,,,,,
154,155,Remora australis,Le rémora des cétacés,39,40.0,76,0.0,50.0,loin du fond,,,,,,,,,,,
155,156,Acipenser sturio,L’esturgeon européen,40,150.0,200,20.0,50.0,près du fond,,,,,,,,,,,
156,157,Acipenser stellatus,L’esturgeon étoilé,40,100.0,150,10.0,100.0,près du fond,,,,,,,,,,,
157,158,Acipenser nudiventris,L’esturgeon à barbillons frangés,40,100.0,150,1.0,60.0,près du fond,,,,,,,,,,,
158,159,Acipenser baerii,L’esturgeon siberien,40,150.0,200,1.0,20.0,près du fond,,,,,,,,,,,
159,160,Acipenser ruthenus,Le sterlet,40,50.0,90,1.0,10.0,près du fond,,,,,,,,,,,
160,161,Acipenser naccari,L’esturgeon de l’Adriatique,40,100.0,150,10.0,30.0,près du fond,,,,,,,,,,,
161,162,Acipenser gueldenstaedti,L’esturgeon du Danube,40,120.0,150,5.0,20.0,près du fond,,,,,,,,,,,
162,163,Huso huso,Le beluga,40,150.0,250,70.0,120.0,près du fond,,,,,,,,,,,
163,164,Ammodytes tobianus,L’equille,41,15.0,20,0.0,20.0,près du fond,,,,,,,,,,,
164,165,Ammodytes marinus,L’equille du large,41,20.0,25,5.0,150.0,près du fond,,,,,,,,,,,
165,166,Gymnammodytes cicerelus,La cicerelle de mediterranée,41,12.0,18,1.0,30.0,près du fond,,,,,,,,,,,
166,167,Gymnammodytes semisquamatus,La cicerelle de l’Atlantique,41,20.0,25,10.0,30.0,près du fond,,,,,,,,,,,
167,168,Hyperoplus immaculatus,Le lançon jolivet,41,25.0,30,10.0,30.0,près du fond,,,,,,,,,,,
168,169,Hyperoplus lanceolatus,Le lançon commun,41,30.0,35,3.0,20.0,près du fond,,,,,,,,,,,
169,170,Valencia hispanica,Le cyprinodonte de Valence,42,5.0,6,0.0,1.0,près du fond,,,,,,,,,,,
170,171,Apricaphanius iberus,L’aphanius d’Espagne,42,3.0,5,0.0,5.0,près du fond,,,,,,,,,,,
171,172,Aphanius fasciatus,L’aphanius de Corse,42,5.0,7,0.0,5.0,près du fond,,,,,,,,,,,
172,173,Aphaniops dispar,L’aphanius de Mer Rouge,42,5.0,8,0.0,5.0,près du fond,,,,,,,,,,,
173,174,Esox lucius,Le brochet,43,100.0,120,1.0,5.0,près du fond,,,,,,,,,,,
174,175,Oblada melanurus,L’oblade,44,15.0,20,0.0,10.0,près du fond,,,,,,,,,,,
175,176,Diplodus sargus,Le sar commun,44,20.0,30,1.0,40.0,près du fond,,,,,,,,,,,
176,177,Diplodus puntazzo,Le sar à museau pointu,44,30.0,40,10.0,50.0,près du fond,,,,,,,,,,,
177,178,Diplodus prayensis,Le sar à tête noire du cap vert,44,20.0,25,2.0,30.0,près du fond,,,,,,,,,,,
178,179,Diplodus vulgaris,Le sar à tête noire,44,20.0,30,2.0,50.0,près du fond,,,,,,,,,,,
179,180,Diplodus annularis,Le sparaillon,44,15.0,18,1.0,20.0,près du fond,,,,,,,,,,,
180,181,Diplodus fasciatus,Le sar tambour du cap vert,44,25.0,40,2.0,30.0,près du fond,,,,,,,,,,,
181,182,Diplodus Bellottii,Le sparaillon africain,44,15.0,20,10.0,50.0,près du fond,,,,,,,,,,,
182,183,Diplodus cervinus,Le sar à grosses lèvres,44,40.0,45,10.0,50.0,près du fond,,,,,,,,,,,
183,184,Pagellus acarne,Le pageot acarné,44,25.0,30,20.0,100.0,près du fond,,,,,,,,,,,
184,185,Pagellus bogaraveo,La dorade rose,44,50.0,60,30.0,300.0,près du fond,,,,,,,,,,,
185,186,Pagellus erythrinus,Le pageot commun,44,30.0,40,20.0,100.0,près du fond,,,,,,,,,,,
186,187,Pagrus pagrus,Le pagre commun,44,50.0,70,15.0,100.0,près du fond,,,,,,,,,,,
187,188,Pagrus auriga,Le pagre rayé,44,40.0,60,10.0,80.0,près du fond,,,,,,,,,,,
188,189,Pagrus coeruleostictus,Le pagre à points bleus,44,60.0,70,20.0,80.0,près du fond,,,,,,,,,,,
189,190,Sparus auratus,La dorade royale,44,50.0,60,10.0,30.0,près du fond,,,,oui,,,,,,,
190,191,Spondyliosoma cantharus,La canthare,44,30.0,45,10.0,60.0,près du fond,,,,,,,,,,,
191,192,Rhabdosargus haffara,Le sar Haffara,44,25.0,35,2.0,30.0,près du fond,,,,,,,,,,,
192,193,Dentex dentex,Le denté commun,44,50.0,70,15.0,50.0,près du fond,,,,,,,,,,,
193,194,Dentex gibbosus,Le denté bossu,44,60.0,75,40.0,130.0,près du fond,,,,,,,,,,,
194,195,Dentex maroccanus,Le denté du Maroc,44,25.0,45,50.0,100.0,près du fond,,,,,,,,,,,
195,196,Dentex canariensis,Le denté des Canaries,44,50.0,100,20.0,200.0,près du fond,,,,,,,,,,,
196,197,Dentex macrophtalmus,Le denté à gros yeux,44,30.0,65,50.0,150.0,près du fond, ,,,,,,,,,,
197,198,Crenidens crenidens,La saupe de mer rouge,44,20.0,25,0.0,10.0,près du fond,,,,,,,,,,,
198,199,Lithognathus mormyrus,Le marbré,44,30.0,40,5.0,50.0,près du fond,,,,,,,,,,,
199,200,Sarpa salpa,La saupe,44,30.0,35,1.0,15.0,près du fond,,,,,,,,,,,
200,201,Boops boops,La bogue,44,20.0,25,5.0,30.0,près du fond,,,,,,,,,,,
201,202,Kyphosus sectatrix,La calicagère blanche,45,50.0,60,2.0,15.0,près du fond,,,,,,,,,,,
202,203,Parapristipoma humile,Le grondeur à nageoires jaunes,46,25.0,30,10.0,50.0,près du fond,,,,,,,,,,,
203,204,Parapristipoma octolineatum,Le grondeur rayé,46,30.0,35,10.0,30.0,près du fond,,,,,,,,,,,
204,205,Plectorhinchus mediterraneus,Le gaterin de mediterranée,46,50.0,60,5.0,50.0,près du fond,,,,,,,,,,,
205,206,Brachydeuterus auritus,Le lippu pelon,46,20.0,25,40.0,80.0,près du fond,,,,,,,,,,,
206,207,Pomadasys stridens,Le grondeur à 3 bandes,46,10.0,16,5.0,55.0,près du fond,,,,,,,,,,,
207,208,Pomadasys incisus,Le grondeur métis,46,30.0,35,10.0,40.0,près du fond,,,,,,,,,,,
208,209,Pelates quadrilineatus,Le terapon à 4 lignes,47,10.0,12,0.0,20.0,près du fond,,,,,,,,,,,
209,210,Terapon puta,Le terapon à queue rayée ,47,10.0,12,0.0,10.0,près du fond,,,,,,,,,,,
210,211,Lobotes surinamensis,Le croupia,48,50.0,70,0.0,10.0,près du fond,,,,,,,,,,,
211,212,Equulites klunzingeri,Le sapsap de Mer Rouge,49,8.0,12,0.0,10.0,près du fond,,,,,,,,,,,
212,213,Lutjanus argentimaculatus,Le lutjan de mangrove,50,70.0,80,5.0,30.0,près du fond,,,,,,,,,,,
213,214,Grammonus ater,Le faufré noir,51,8.0,10,5.0,50.0,près du fond,,,,,,,,,,,
214,215,Brosme brosme,Le brosme,52,80.0,90,100.0,400.0,près du fond,,,,,,,,,,,
215,216,Labrus bergylta,La vielle,53,30.0,50,1.0,20.0,près du fond,,,,,,,,,,,
216,217,Labrus merula,Le merle,53,30.0,40,2.0,25.0,près du fond,,,,,,,,,,,
217,218,Labrus viridis,Le labre vert,53,30.0,40,10.0,30.0,près du fond,,,,,,,,,,,
218,219,Labrus mixtus,La coquette,53,30.0,35,15.0,50.0,près du fond,,,,,,,,,,,
219,220,Symphodus tinca,Le crénilabre tanche,53,25.0,30,1.0,20.0,près du fond,,,,,,,,,,,
220,221,Symphodus roissali,Le crénilabre à 5 taches,53,12.0,15,1.0,10.0,près du fond,,,,,,,,,,,
221,222,Pteragogus pelycus,Le labre nain d’herbier,53,10.0,15,2.0,20.0,près du fond,,,,,,,,,,,
222,223,Symphodus bailloni,Le crénilabre de Baillon,53,15.0,18,1.0,50.0,près du fond,,,,,,,,,,,
223,224,Symphodus melops,Le crénilabre de melops,53,15.0,20,2.0,15.0,près du fond,,,,,,,,,,,
224,225,Symphodus ocellatus,Le crénilabre ocellé,53,8.0,10,1.0,15.0,près du fond,,,,,,,,,,,
225,226,Symphodus doderleini,Le crénilabre de Doderlein,53,8.0,10,5.0,30.0,près du fond,,,,,,,,,,,
226,227,Symphodus cinereus,Le crénilabre cendré,53,8.0,10,5.0,20.0,près du fond,,,,,,,,,,,
227,228,Symphodus mediterraneus,Le crénilabre méditerranéen,53,10.0,15,3.0,20.0,près du fond,,,,,,,,,,,
228,229,Symphodus rostratus,Le sublet,53,8.0,10,3.0,20.0,près du fond,,,,,,,,,,,
229,230,Symphodus melanocercus,Le crénilabre à queue noire,53,9.0,11,3.0,15.0,près du fond,,,,,,,,,,,
230,231,Centrolabrus exoletus,Le centrolabre,53,12.0,14,2.0,15.0,près du fond,,,,,,,,,,,
231,232,Symphodus trutta,Le centrolabre truite,53,12.0,14,1.0,10.0,près du fond,,,,,,,,,,,
232,233,Bodianus speciosus,Le labre à barre noire,53,30.0,50,1.0,75.0,près du fond,,,,,,,,,,,
233,234,Symphodus caeruleus,Le centrolabre bleu,53,15.0,21,0.0,20.0,près du fond,,,,,,,,,,,
234,235,Ctenolabrus rupestris,Le cténolabre,53,12.0,15,5.0,20.0,près du fond,,,,,,,,,,,
235,236,Acantholabrus palloni,L’acantholabre,53,20.0,23,30.0,100.0,près du fond,,,,,,,,,,,
236,237,Lappanella fasciata,Le labre iris,53,12.0,15,50.0,150.0,près du fond,,,,,,,,,,,
237,238,Thalassoma pavo,La girelle-paon,53,15.0,20,0.0,30.0,près du fond,,,,,,,,,,,
238,239,Coris julis,La girelle,53,20.0,25,1.0,60.0,près du fond,,,,,,,,,,,
239,240,Xyrichtys novacula,Le rason,53,25.0,30,5.0,20.0,près du fond,,,,,,,,,,,
240,241,Sparisoma cretense,Le poisson-perroquet,54,25.0,35,3.0,20.0,près du fond,,,,,,,,,,,
241,242,Scarus ghobban,Le poisson-perroquet bleu,54,50.0,75,1.0,70.0,près du fond,,,,,,,,,,,
242,243,Siganus luridus,Le poisson lapin à queue tronquée,55,20.0,25,1.0,10.0,près du fond,,épines venimeuses,,,,,,,,,
243,244,Siganus rivulatus,Le poisson lapin à ventre strié,55,25.0,30,1.0,60.0,près du fond,,,,,,,,,,,
244,245,Chaetodon hoefleri,Le poisson-papillon d’Hoefler,56,15.0,20,10.0,100.0,près du fond,,,,,,,,,,,
245,246,Chaetodon sanctaehelenae,Le poisson papillon de sainte Helene,56,10.0,12,1.0,25.0,près du fond,,,,,,,,,,,
246,247,Chaetodon robustus,Le poisson-papillon robuste,56,12.0,15,3.0,70.0,près du fond,,,,,,,,,,,
247,248,Chromis chromis,La castagnole,57,8.0,10,5.0,15.0,près du fond,,,,,,,,,,,
248,249,Chromis limbata,La castagnole à queue rayée,57,7.0,10,2.0,45.0,près du fond,,,,,,,,,,,
249,250,Abudefduf vaigiensis,Le sergent major de mer rouge,57,15.0,18,,,près du fond,,,,,,,,,,,
250,251,Similiparma lurida,La demoiselle à ailes bleues,57,10.0,15,0.0,35.0,près du fond,,,,,,,,,,,
251,252,Acanthurus monroviae,Le poisson-chirurgien ouest-africain,58,30.0,35,10.0,30.0,près du fond,,2pine du pédoncule caudal très tranchante,,,,,,,,,
252,253,Sargocentron hastatum,Le poisson-écureuil africain,59,20.0,25,5.0,40.0,près du fond,,,,,,,,,,,
253,254,Sargocentron rubrum,Le poisson-écureuil de mer Rouge,59,18.0,20,5.0,20.0,près du fond,,,,,,,,,,,
254,255,Heteropriacanthus cruentatus,Le beauclair de roche,60,20.0,25,5.0,15.0,près du fond,,,,,,,,,,,
255,256,Priacanthus hamrur,Le beauclair lanterne,60,25.0,30,15.0,20.0,près du fond,,,,,,,,,,,
256,257,Callanthias ruber,Le barbier-perroquet,61,15.0,20,60.0,300.0,près du fond,,,,,,,,,,,
257,258,Anthias anthias,Le barbier commun,61,15.0,18,30.0,80.0,près du fond,,,,,,,,,,,
258,259,Serranus hepatus,Le serran-tambour,61,10.0,15,30.0,200.0,près du fond,,,,,,,,,,,
259,260,Serranus scriba,Le serran ecriture,61,25.0,30,5.0,30.0,près du fond,,,,,,,,,,,
260,261,Serranus cabrilla,Le serran -chevrette,61,25.0,30,5.0,90.0,près du fond,,,,,,,,,,,
261,262,Serranus atricauda,Le serran à queue noire,61,20.0,30,10.0,50.0,près du fond,,,,,,,,,,,
262,263,Epinephelus marginatus,Le mérou brun,61,80.0,100,10.0,50.0,près du fond,,,,,,,,,,,
263,264,Hyporthodus haifensis,Le mérou de Haïfa,61,70.0,80,80.0,150.0,près du fond,,,,,,,,,,,
264,265,Epinephelus caninus,Le mérou gris,61,100.0,120,30.0,100.0,près du fond,,,,,,,,,,,
265,266,Epinephelus costae,La badèche,61,70.0,100,10.0,100.0,près du fond,,,,,,,,,,,
266,267,Mycteroperca rubra,Le mérou royal,61,40.0,50,15.0,50.0,près du fond,,,,,,,,,,,
267,268,Epinephelus aeneus,Le mérou blanc,61,80.0,100,20.0,100.0,près du fond,,,,,,,,,,,
268,269,Epinephelus malabaricus,Le mérou de malabar,61,80.0,100,10.0,50.0,près du fond,,,,,,,,,,,
269,270,Epinephelus coioides,Le mérou à tâches oranges,61,70.0,80,5.0,50.0,près du fond,,,,,,,,,,,
270,271,Polyprion americanus,Le cernier,62,100.0,150,40.0,200.0,près du fond,,,,,,,,,,,
271,272,Apogon imberbis,L’apogon commun,63,10.0,12,5.0,50.0,près du fond,,,,,,,,,,,
272,273,Epigonus telescopus,Le sonneur commun,63,50.0,60,75.0,1200.0,près du fond,,,,,,,,,,,
273,274,Apogonichthyoides nigripinnis,L’Apogon à nageoires noires,63,7.0,8,,,près du fond,,,,,,,,,,,
274,275,Sillago sihama,Le pêche-madame argenté,63,20.0,25,1.0,20.0,près du fond,,,,,,,,,,,
275,276,Apogonichthyoides taeniatus,L’apogon à deux selles,63,10.0,12,5.0,50.0,près du fond,,,,,,,,,,,
276,277,Sciaena umbra,Le corb,64,35.0,40,10.0,30.0,près du fond,,,,,,,,,,,
277,278,Umbrina ronchus,L’ombrine fusca,64,50.0,80,20.0,200.0,près du fond,,,,,,,,,,,
278,279,Umbrina cirrosa,L’ombrine côtiere,64,60.0,80,5.0,50.0,près du fond,,,,,,,,,,,
279,280,Umbrina canariensis,L’ombrine bronze,64,40.0,50,50.0,200.0,près du fond,,,,,,,,,,,
280,281,Argyrosomus regius,Le maigre,64,100.0,140,15.0,100.0,près du fond,,,,,,,,,,,
281,282,Galeoides decadactylus,Le petit capitaine,65,30.0,35,5.0,20.0,près du fond,,,,,,,,,,,
282,283,Mora moro,Le moro commun,66,50.0,65,200.0,800.0,près du fond,,,,,,,,,,,
283,284,Molva molva,La lingue franche,52,140.0,160,50.0,300.0,près du fond,,,,,,,,,,,
284,285,Molva dipterygia,La lingue bleue,52,100.0,150,200.0,1000.0,près du fond,,,,,,,,,,,
285,286,Phycis phycis,La mostelle de roche,52,40.0,50,20.0,100.0,près du fond,,,,,,,,,,,
286,287,Phycis blennoides,La mostelle de fond,52,50.0,70,100.0,450.0,près du fond,,,,,,,,,,,
287,288,Trisopterus luscus,Le tacaud,52,30.0,35,10.0,100.0,près du fond,,,,,,,,,,,
288,289,Trisopterus esmarkii,Le tacaud norvégien,52,20.0,27,80.0,250.0,près du fond,,,,,,,,,,,
289,290,Trisopterus minutus,Le capelan de l’Atlantique,52,25.0,30,25.0,200.0,près du fond,,,,,,,,,,,
290,291,Trisopterus capelanus,Le capelan de Mediterranée,52,25.0,30,30.0,200.0,près du fond,,,,,,,,,,,
291,292,Merlangius merlangus,Le merlan,52,40.0,50,30.0,100.0,près du fond,,,,,,,,,,,
292,293,Gadus morhua,La morue,52,50.0,100,30.0,200.0,près du fond,,,,,,,,,,,
293,294,Boreogadus saida,La morue polaire,52,25.0,35,,,près du fond,,,,,,,,,,,
294,295,Eleginus nawaga,La morue arctique,52,30.0,45,5.0,30.0,près du fond,,,,,,,,,,,
295,296,Melanogrammus aeglefinus,L’églefin,52,60.0,75,50.0,200.0,près du fond,,,,,,,,,,,
296,297,Pollachius virens,Le lieu noir,52,60.0,100,10.0,100.0,près du fond,,,,,,,,,,,
297,298,Pollachius pollachius,Le lieu jaune,52,60.0,80,10.0,100.0,près du fond,,,,,,,,,,,
298,299,Micromesistius poutassou,Le merlan bleu,52,30.0,45,30.0,400.0,près du fond,,,,,,,,,,,
299,300,Coelorinchus caelorhincus,Le grenadier à points noirs,67,30.0,38,140.0,900.0,près du fond,,,,,,,,,,,
300,301,Macrourus berglax,Le grenadier gris,67,70.0,100,100.0,1000.0,près du fond,,,,,,,,,,,
301,302,Capros aper,Le sanglier,68,10.0,13,100.0,400.0,près du fond,,,,,,,,,,,
302,303,Antigonia capros,Le sanglier à corps élevé,68,15.0,20,60.0,600.0,près du fond,,,,,,,,,,,
303,304,Zeus faber,Le Saint-Pierre,69,40.0,50,50.0,150.0,près du fond,,,,,,,,,,,
304,305,Pempheris vanicolensis,Le poisson hachette,70,12.0,13,0.0,30.0,près du fond,,,,,,,,,,,
305,306,Macroramphosus scolopax,La bécasse de mer,71,10.0,14,50.0,150.0,près du fond,,,,,,,,,,,
306,307,Spinachia spinachia,L’epinoche de mer,72,18.0,20,1.0,5.0,près du fond,,,,,,,,,,,
307,308,Gasterosteus aculeatus,L’épinoche,72,8.0,10,1.0,3.0,près du fond,,,,,,,,,,,
308,309,Pungitius pungitius,L’épinochette,72,8.0,10,0.0,5.0,près du fond,,,,,,,,,,,
309,310,Balistes capriscus,Le baliste commun,73,30.0,35,10.0,50.0,près du fond,,,,,,,,,,,
310,311,Balistes punctatus,Le baliste tacheté,73,30.0,50,1.0,50.0,près du fond,,,,,,,,,,,
311,312,Balistes vetula,Le baliste royal,73,30.0,50,1.0,50.0,près du fond,,,,,,,,,,,
312,313,Fistularia commersonii,Le poisson-flûte,74,100.0,160,0.0,15.0,près du fond,,,,,,,,,,,
313,314,Aluterus scriptus,La bourse grafiti,75,40.0,60,2.0,50.0,près du fond,,,,,,,,,,,
314,315,Stephanolepis hispida,La bourse brune,75,15.0,18,2.0,50.0,près du fond,,,,,,,,,,,
315,316,Stephanolepis diaspros,La bourse réticulée,75,18.0,20,1.0,60.0,près du fond,,,,,,,,,,,
316,317,Ephippion guttifer,Le tétraodon à points blancs,76,40.0,80,5.0,100.0,près du fond,,"Peau, foie et gonades extrêmement toxiques ( présence de tétraodontoxine)",,,,,,,,,
317,318,Arothron hispidus,Le tétraodon à taches blanches,76,30.0,35,1.0,50.0,près du fond,,"Peau, foie et gonades extrêmement toxiques ( présence de tétraodontoxine)",,,,,,,,,
318,319,Sphoeroides marmoratus,Le tétraodon marbré,76,18.0,20,5.0,30.0,près du fond,,"Peau, foie et gonades extrêmement toxiques ( présence de tétraodontoxine)",,,,,,,,,
319,320,Sphoeroides pachygaster,Le tétraodon à tête carrée,76,15.0,25,20.0,200.0,près du fond,,"Peau, foie et gonades extrêmement toxiques ( présence de tétraodontoxine)",,,,,,,,,
320,321,Torquigener flavimaculosus,Le tétraodon constellé,76,10.0,14,0.0,10.0,près du fond,,"Peau, foie et gonades extrêmement toxiques ( présence de tétraodontoxine)",,,,,,,,,
321,322,Canthigaster capistrata,Le tétraodon nain,76,5.0,9,5.0,20.0,près du fond,,"Peau, foie et gonades extrêmement toxiques ( présence de tétraodontoxine)",,,,,,,,,
322,323,Diodon hystrix,Le grand porc épic,77,50.0,60,5.0,25.0,près du fond,,Epines robustes et dents coupantes,,,,,,,,,
323,324,Diodon holocanthus,Le petit porc épic,77,25.0,30,5.0,25.0,près du fond,,Epines robustes et dents coupantes,,,,,,,,,
324,325,Chilomycterus reticulatus,Le poisson hérisson ponctué,77,40.0,50,5.0,50.0,près du fond,,Epines robustes et dents coupantes,,,,,,,,,
325,326,Cyclichthys spilostylus,Le poisson hérisson à points jaunes,77,25.0,30,5.0,30.0,près du fond,,Epines robustes et dents coupantes,,,,,,,,,
326,327,Tetrosomus gibbosus,Le poisson coffre pyramide,78,20.0,30,1.0,100.0,près du fond,,Peau toxique,,,,,,,,,
327,328,Acanthostracion notacanthus,Le coffre nid d’abeille,78,15.0,25,,,près du fond,,Peau toxique,,,,,,,,,
328,329,Lactophrys trigonus,Le coffre bossu,78,30.0,45,,,près du fond,,Peau toxique,,,,,,,,,
329,330,Anarhichas lupus,La blennie loup,79,90.0,100,20.0,150.0,Vivent sur le fond,,,,,,,,,,,
330,331,Anarhichas minor,La blennie loup tachetée,79,100.0,120,100.0,400.0,Vivent sur le fond,,,,,,,,,,,
331,332,Zoarces viviparus,La blennie vivipare,80,30.0,40,2.0,20.0,Vivent sur le fond,,,,,,,,,,,
332,333,Chirolophis ascanii,Le toupet marbré,81,18.0,20,15.0,30.0,Vivent sur le fond,,,,,,,,,,,
333,334,Blennius ocellaris,La blennie ocellée,82,15.0,18,30.0,100.0,Vivent sur le fond,,,,,,,,,,,
334,335,Aidablennius sphynx,La blennie sphynx,82,6.0,7,0.0,1.0,Vivent sur le fond,,,,,,,,,,,
335,336,Parablennius gattorugine,La blennie gattorugine,82,20.0,25,3.0,20.0,Vivent sur le fond,,,,,,,,,,,
336,337,Parablennius ruber,La blennie rouge,82,8.0,9,3.0,10.0,Vivent sur le fond,,,,,,,,,,,
337,338,Parablennius sanguinolentus,La blennie palmicorne,82,18.0,20,0.0,2.0,Vivent sur le fond,,,,,,,,,,,
338,339,Parablennius rouxi,La blennie de roux,82,6.0,7,3.0,30.0,Vivent sur le fond,,,,,,,,,,,
339,340,Parablennius pilicornis,La blennie pilicorne,82,9.0,10,1.0,5.0,Vivent sur le fond,,,,,,,,,,,
340,341,Parablennius tentacularis,La blennie cornue,82,9.0,12,5.0,15.0,Vivent sur le fond,,,,,,,,,,,
341,342,Parablennius incognitus,La blennie diabolo,82,6.0,7,0.5,3.0,Vivent sur le fond,,,,,,,,,,,
342,343,Parablennius zvonimiri,La blennie de Zvonimir,82,6.0,7,1.0,5.0,Vivent sur le fond,,,,,,,,,,,
343,344,Petroscirtes ancylodon,La blennie à dents de sabre d’Arabie,82,9.0,11.5,0.0,10.0,Vivent sur le fond,,,,,,,,,,,
344,345,Hypleurochilus bananensis,La blennie à tentacules touffus,82,8.0,9,0.0,5.0,Vivent sur le fond,,,,,,,,,,,
345,346,Scartella cristata,La blennie chevelue,82,8.0,9,0.5,2.0,Vivent sur le fond,,,,,,,,,,,
346,347,Coryphoblennius galerita,La blennie coiffée,82,8.0,9,0.0,0.5,Vivent sur le fond,,,,,,,,,,,
347,348,Lipophrys trigloides,La blennie trigloïde,82,10.0,13,0.0,0.5,Vivent sur le fond,,,,,,,,,,,
348,349,Lipophrys pholis,Le mordocet,82,14.0,16,0.0,3.0,Vivent sur le fond,,,,,,,,,,,
349,350,Microlipophrys adriaticus,La blennie de l’Adriatique,82,4.0,5,0.0,0.5,Vivent sur le fond,,,,,,,,,,,
350,351,Microlipophrys dalmatinus,La blennie dalmate,82,3.0,4,0.5,2.0,Vivent sur le fond,,,,,,,,,,,
351,352,Microlipophrys canevae,La blennie de Caneva,82,6.0,7,0.5,2.0,Vivent sur le fond,,,,,,,,,,,
352,353,Microlipophrys nigriceps,La blennie à tête noire,82,3.0,4,1.0,5.0,Vivent sur le fond,,,,,,,,,,,
353,354,Salaria basilisca,La blennie-basilic,82,13.0,15,2.0,10.0,Vivent sur le fond,,,,,,,,,,,
354,355,Salaria pavo,La blennie paon,82,10.0,12,0.5,2.0,Vivent sur le fond,,,,,,,,,,,
355,356,Ophioblennius atlanticus,La blennie Atlantique,82,15.0,18,1.0,10.0,Vivent sur le fond,,,,,,,,,,,
356,357,Scorpaena maderensis,La rascasse de Madère,83,10.0,12,3.0,20.0,Vivent sur le fond,,Epines venimeuses (piqure douloureuse),,,,,,,,,
357,358,Scorpaena porcus,La rascasse brune,83,22.0,25,5.0,20.0,Vivent sur le fond,,Epines venimeuses (piqure douloureuse),,,,,,,,,
358,359,Scorpaena stephanica,La rascasse à nageoires ponctuées,83,30.0,40,80.0,600.0,Vivent sur le fond,,Epines venimeuses (piqure douloureuse),,,,,,,,,
359,360,Scorpaena notata,La petite rascasse rouge,83,15.0,17,10.0,50.0,Vivent sur le fond,,Epines venimeuses (piqure douloureuse),,,,,,,,,
360,361,Scorpaena loppei,La rascasse de Loppé,83,8.0,10,80.0,300.0,Vivent sur le fond,,Epines venimeuses (piqure douloureuse),,,,,,,,,
361,362,Scorpaena scrofa,Le chapon,83,35.0,40,20.0,100.0,Vivent sur le fond,,Epines venimeuses (piqure douloureuse),,,,,,,,,
362,363,Scorpaena elongata,La rascasse rose,83,45.0,45,75.0,80.0,Vivent sur le fond,,Epines venimeuses (piqure douloureuse),,,,,,,,,
363,364,Scorpaenodes arenai,La rascasse de messine,83,9.0,11,20.0,50.0,Vivent sur le fond,,Epines venimeuses (piqure douloureuse),,,,,,,,,
364,365,Sebastapistes mauritiana,La rascasse de Maurice,83,6.0,8,1.0,10.0,Vivent sur le fond,,Epines venimeuses (piqure douloureuse),,,,,,,,,
365,366,Sebastes viviparus,Le petit sébaste,83,25.0,35,10.0,760.0,Vivent sur le fond,,,,,,,,,,,
366,367,Sebastes norvegicus,Le grand sébaste,83,50.0,100,30.0,1000.0,Vivent sur le fond,,,,,,,,,,,
367,368,Helicolenus dactylopterus,Le sebaste chèvre,83,30.0,40,100.0,300.0,Vivent sur le fond,,,,,,,,,,,
368,369,Taurulus bubalis,Le chabot buffle,84,14.0,16,1.0,30.0,Vivent sur le fond,,Epines de la tête venimeuses en période de reproduction (printemps),,,,,,,,,
369,370,Myoxocephalus scorpius,Le chaboisseau commun,84,25.0,30,1.0,25.0,Vivent sur le fond,,,,,,,,,,,
370,371,Micrenophrys lilljeborgii,Le chabot nain,84,6.0,8,0.0,100.0,Vivent sur le fond,,,,,,,,,,,
371,372,Myoxocephalus quadricornis,Le chaboisseau quadricorne,84,25.0,38,0.0,25.0,Vivent sur le fond,,,,,,,,,,,
372,373,Gymnocanthus tricuspis,Le tricorne arctique,84,15.0,30,0.0,200.0,Vivent sur le fond,,,,,,,,,,,
373,374,Icelus bicornis,Le chaboisseau bicorne,84,10.0,16,0.0,560.0,Vivent sur le fond,,,,,,,,,,,
374,375,Triglops murrayi,Le faux-trigle maillé,84,15.0,20,10.0,300.0,Vivent sur le fond,,,,,,,,,,,
375,376,Artediellus atlanticus,Le chaboisseau Atlantique,84,10.0,14,35.0,900.0,Vivent sur le fond,,,,,,,,,,,
376,377,Cottus poecilopus,Le chabot de Sibérie,84,10.0,16,0.0,3.0,Vivent sur le fond,,,,,,,,,,,
377,378,Cottus gobio,Le chabot commun,84,10.0,12,0.0,1.0,Vivent sur le fond,,,,,,,,,,,
378,379,Gaidropsarus vulgaris,La motelle commune,52,35.0,40,30.0,80.0,Vivent sur le fond,,,,,,,,,,,
379,380,Gaidropsarus mediterraneus,La motelle à 3 barbillons,52,25.0,30,1.0,25.0,Vivent sur le fond,,,,,,,,,,,
380,381,Gaidropsarus mediterraneus,La motelle à taches blanches,52,20.0,25,0.0,5.0,Vivent sur le fond,,,,,,,,,,,
381,382,Gaidropsarus macrophthalmus,La motelle à grands yeus de l’Atlantique,52,20.0,35,100.0,500.0,Vivent sur le fond,,,,,,,,,,,
382,383,Gaidropsarus biscayensis,La motelle à grands yeusx de Mediterranée,52,15.0,18,140.0,600.0,Vivent sur le fond,,,,,,,,,,,
383,384,Enchelyopus cimbrius,La motelle à 4 barbillons,52,30.0,44,20.0,500.0,Vivent sur le fond,,,,,,,,,,,
384,385,Ciliata septentrionalis,La motelle nordique,52,15.0,19,10.0,90.0,Vivent sur le fond,,,,,,,,,,,
385,386,Ciliata mustela,La motelle à 5 barbillons,52,25.0,30,0.0,5.0,Vivent sur le fond,,,,,,,,,,,
386,387,Raniceps raninus,Le trident,52,20.0,25,5.0,20.0,Vivent sur le fond,,,,,,,,,,,
387,388,Gobius paganellus,Le gobie paganel,85,8.0,10,0.0,3.0,Vivent sur le fond,,,,,,,,,,,
388,389,Gobius couchi,Le gobie de couch,85,8.0,9,0.0,10.0,Vivent sur le fond,,,,,,,,,,,
389,390,Gobius cobitis,Le gobie à grosse tête,85,20.0,25,0.0,2.0,Vivent sur le fond,,,,,,,,,,,
390,391,Gobius niger,Le gobie noir,85,12.0,13,0.0,10.0,Vivent sur le fond,,,,,,,,,,,
391,392,Gobius roulei,Le gobie de roule,85,6.0,8,3.0,20.0,Vivent sur le fond,,,,,,,,,,,
392,393,Gobius gasteveni,Le gobie de Steven,85,9.0,10,5.0,50.0,Vivent sur le fond,,,,,,,,,,,
393,394,Gobius cruentatus,Le gobie à bouche rouge,85,13.0,15,10.0,30.0,Vivent sur le fond,,,,,,,,,,,
394,395,Gobius ater,Le gobie de Belloti,85,5.0,7,1.0,10.0,Vivent sur le fond,,,,,,,,,,,
395,396,Gobius geniporus,Le gobie svelte,85,12.0,14,5.0,20.0,Vivent sur le fond,,,,,,,,,,,
396,397,Gobius buchichii,Le gobie moucheté,85,8.0,9,0.5,3.0,Vivent sur le fond,,,,,,,,,,,
397,398,Gobius fallax,Le gobie de sarato,85,7.0,9,1.0,20.0,Vivent sur le fond,,,,,,,,,,,
398,399,Gobius auratus,Le gobie doré,85,6.0,7,10.0,30.0,Vivent sur le fond,,,,,,,,,,,
399,400,Gobius xanthocephalus,Le gobie à tête jaune,85,7.0,8,5.0,20.0,Vivent sur le fond,,,,,,,,,,,
400,401,Gobius vittatus,Le gobie rayé,85,4.0,5,20.0,40.0,Vivent sur le fond,,,,,,,,,,,
401,402,Gobius ophiocephalus,Le gobie-lote,85,18.0,20,1.0,5.0,Vivent sur le fond,,,,,,,,,,,
402,403,Thorogobius ephippiatus,Le gobie léopard,85,8.0,10,10.0,30.0,Vivent sur le fond,,,,,,,,,,,
403,404,Thorogobius macrolepis,Le gobie à grandes écailles,85,5.0,6,20.0,40.0,Vivent sur le fond,,,,,,,,,,,
404,405,Zebrus zebrus,Le gobie zébré,85,4.5,5.5,1.0,5.0,Vivent sur le fond,,,,,,,,,,,
405,406,Millerigobius macrocephalus,Le gobie nain à grosse tête,85,4.0,4.5,0.0,5.0,Vivent sur le fond,,,,,,,,,,,
406,407,Vanneaugobius pruvoti,Le gobie nain de Pruvot,85,3.7,3.7,110.0,,Vivent sur le fond,,,,,,,,,,,
407,408,Mauligobius maderensis,Le gobie de Madère,85,10.0,15,0.0,3.0,Vivent sur le fond,,,,,,,,,,,
408,409,Vanneaugobius canariensis,Le gobie nain des Canaries,85,4.5,4.3,3.0,15.0,Vivent sur le fond,,,,,,,,,,,
409,410,Odondebuenia balearica,Le gobie des Baléares,85,3.7,3.9,25.0,40.0,Vivent sur le fond,,,,,,,,,,,
410,411,Speleogobius trigloides,Le gobie cavernicole trigloïde,85,2.0,2.3,8.0,30.0,Vivent sur le fond,,,,,,,,,,,
411,412,Corcyrogobius liechtensteini,Le gobie-corail nain,85,2.5,2.8,5.0,20.0,Vivent sur le fond,,,,,,,,,,,
412,413,Chromogobius zebratus,Le gobie grêle zébré,85,5.0,6,0.0,5.0,Vivent sur le fond,,,,,,,,,,,
413,414,Chromogobius britoi,Le gobie de Brito,85,4.0,4,5.0,25.0,Vivent sur le fond,,,,,,,,,,,
414,415,Chromogobius quadrivittatus,Le gobie à quatre bandes,85,5.0,6,0.0,5.0,Vivent sur le fond,,,,,,,,,,,
415,416,Lebetus scorpioides,Le gobie-nabot,85,3.0,3.5,15.0,50.0,Vivent sur le fond,,,,,,,,,,,
416,417,Lebetus guilleti,Le gobie nain de Guillet,85,2.4,2.4,10.0,30.0,Vivent sur le fond,,,,,,,,,,,
417,418,Didogobius bentuvii,Le gobie nain de Ben-Tuvia,85,3.7,3.7,37.0,37.0,Vivent sur le fond,,,,,,,,,,,
418,419,Didogobius kochi,Le gobie nain des Canaries,85,5.0,5.7,5.0,20.0,Vivent sur le fond,,,,,,,,,,,
419,420,Didogobius schlieweni,Le gobie nain à taches blanches,85,4.0,5,8.0,12.0,Vivent sur le fond,,,,,,,,,,,
420,421,Didogobius splechtnai,Le gobie nain à barres brunes,85,3.0,3.5,4.0,18.0,Vivent sur le fond,,,,,,,,,,,
421,422,Gammogobius steinitzi,Le gobie cavernicole de Steinitz,85,3.5,4,5.0,20.0,Vivent sur le fond,,,,,,,,,,,
422,423,Coryogalops ocheticus,Le gobie de Port-Saïd,85,5.0,6.2,0.0,5.0,Vivent sur le fond,,,,,,,,,,,
423,424,Silhouettea aegyptia,Le gobie égyptien,85,3.5,4.4,1.0,5.0,Vivent sur le fond,,,,,,,,,,,
424,425,Oxyurichthys papuensis,Le gobie à tête de grenouille,85,9.0,11,30.0,50.0,Vivent sur le fond,,,,,,,,,,,
425,426,Lesueurigobius friesii,Le gobie de Fries,85,8.0,13,10.0,30.0,Vivent sur le fond,,,,,,,,,,,
426,427,Lesueurigobius suerii,Le gobie de Lesueur,85,5.0,8,5.0,50.0,Vivent sur le fond,,,,,,,,,,,
427,428,Lesueurigobius sanzi,Le gobie de Sanzo,85,8.0,9.5,40.0,100.0,Vivent sur le fond,,,,,,,,,,,
428,429,Lesueurigobius heterofasciatus,Le gobie fascié,85,4.4,4.4,100.0,345.0,Vivent sur le fond,,,,,,,,,,,
429,430,Deltentosteus quadrimaculatus,Le gobie à 4 taches,85,7.0,8,15.0,50.0,Vivent sur le fond,,,,,,,,,,,
430,431,Deltentosteus collonianus,Le gobie denté,85,6.0,7,5.0,120.0,Vivent sur le fond,,,,,,,,,,,
431,432,Buenia jeffreysii,Le gobie chauve,85,5.0,6,5.0,330.0,Vivent sur le fond,,,,,,,,,,,
432,433,Buenia affinis,Le gobie réticulé,85,,,35.0,35.0,Vivent sur le fond,,,,,,,,,,,
433,434,Pomatoschistus minutus,Le gobie buhotte,85,7.0,8,1.0,20.0,Vivent sur le fond,,,,,,,,,,,
434,435,Pomatoschistus lozanoi,Le gobie-caméléon,85,7.0,8,1.0,80.0,Vivent sur le fond,,,,,,,,,,,
435,436,Pomatoschistus norvegicus,Le gobie norvégien,85,6.0,7,18.0,325.0,Vivent sur le fond,,,,,,,,,,,
436,437,Pomatoschistus microps,Le gobie tacheté,85,6.0,6.5,0.0,5.0,Vivent sur le fond,,,,,,,,,,,
437,438,Pomatoschistus marmoratus,Le gobie marbré,85,6.0,6.5,1.0,20.0,Vivent sur le fond,,,,,,,,,,,
438,439,Pomatoschistus pictus,Le gobie varié,85,5.0,5.5,0.5,20.0,Vivent sur le fond,,,,,,,,,,,
439,440,Pomatoschistus quagga,Le gobie quagga,85,3.5,4,5.0,15.0,Vivent sur le fond,,,,,,,,,,,
440,441,Pomatoschistus tortonesei,Le gobie de Tortonese,85,3.0,3.7,1.0,5.0,Vivent sur le fond,,,,,,,,,,,
441,442,Pomatoschistus bathi,Le gobie de bath,85,3.0,3.2,2.0,10.0,Vivent sur le fond,,,,,,,,,,,
442,443,Pomatoschistus knerii,Le gobie de Kner,85,3.5,3.8,1.0,10.0,Vivent sur le fond,,,,,,,,,,,
443,444,Ninnigobius canestrinii,Le gobie de Canestrini,85,5.0,6.7,,,Vivent sur le fond,,,,,,,,,,,
444,445,Pseudaphya ferreri,Le gobie nageur de Ferrer,85,3.0,3.2,2.0,5.0,Vivent sur le fond,,,,,,,,,,,
445,446,Crystallogobius linearis,Le gobie cristal,85,4.0,4.7,1.0,400.0,Vivent sur le fond,,,,,,,,,,,
446,447,Aphia minuta,Le nonnat,85,5.0,5.8,0.5,70.0,Vivent sur le fond,,,,,,,,,,,
447,448,Knipowitschia caucasica,Le gobie du caucase,85,4.0,5,0.0,5.0,Vivent sur le fond,,,,,,,,,,,
448,449,Knipowitschia longecaudata,Le gobie à longue queue,85,3.0,3.7,1.0,3.0,Vivent sur le fond,,,,,,,,,,,
449,450,Pomatoschistus flavescens,Le gobie nageur,85,4.0,5,0.0,5.0,Vivent sur le fond,,,,,,,,,,,
450,451,Knipowitschia panizzae,Le gobie de lagune,85,3.0,3.7,0.0,5.0,Vivent sur le fond,,,,,,,,,,,
451,452,Caspiosoma caspium,Le gobie nu de Caspienne,85,3.0,4.5,1.5,8.0,Vivent sur le fond,,,,,,,,,,,
452,453,Mullus surmuletus,Le rouget-barbet de roche,86,25.0,30,3.0,80.0,Vivent sur le fond,,,,oui,,,,,,,
453,454,Mullus barbatus,Le rouget-barbet de vase,86,18.0,23,30.0,300.0,Vivent sur le fond,,,,,,,,,,,
454,455,Pseudupeneus prayensis,Le rouget-barbet du Sénégal,86,30.0,55,10.0,300.0,Vivent sur le fond,,,,,,,,,,,
455,456,Upeneus moluccensis,Le barbet à bande dorée,86,18.0,25,10.0,80.0,Vivent sur le fond,,,,,,,,,,,
456,457,Upeneus pori,Le barbet à queue rayée,86,9.0,14,5.0,30.0,Vivent sur le fond,,,,,,,,,,,
457,458,Dactylopterus volitans,Le grondin volant,87,35.0,40,15.0,50.0,Vivent sur le fond,,,,,,,,,,,
458,459,Chelidonichthys lastoviza,Le grondin camard,88,25.0,30,20.0,100.0,Vivent sur le fond,,,,,,,,,,,
459,460,Chelidonichthys lucerna,Le grondin-perlon,88,50.0,60,20.0,150.0,Vivent sur le fond,,,,,,,,,,,
460,461,Trigla lyra,Le grondin-lyre,88,40.0,50,50.0,400.0,Vivent sur le fond,,,,,,,,,,,
461,462,Eutrigla gurnardus,Le grondin gris,88,35.0,45,20.0,150.0,Vivent sur le fond,,,,,,,,,,,
462,463,Chelidonichthys obscurus,Le grondin morrude,88,30.0,35,20.0,70.0,Vivent sur le fond,,,,,,,,,,,
463,464,Chelidonichthys cuculus,Le grondin rouge,88,35.0,40,30.0,200.0,Vivent sur le fond,,,,,,,,,,,
464,465,Lepidotrigla cavillone,Le grondin cavillone,88,15.0,20,15.0,500.0,Vivent sur le fond,,,,,,,,,,,
465,466,Peristedion cataphractum,Le malarmat,89,25.0,30,50.0,500.0,Vivent sur le fond,,,,,,,,,,,
466,467,Callionymus maculatus,Le dragonnet tacheté,90,10.0,11,45.0,650.0,Vivent sur le fond,,,,,,,,,,,
467,468,Callionymus fasciatus,Le dragonnet fascié,90,8.0,12,20.0,60.0,Vivent sur le fond,,,,,,,,,,,
468,469,Callionymus lyra,Le dragonnet lyre,90,18.0,25,5.0,100.0,Vivent sur le fond,,,,,,,,,,,
469,470,Callionymus reticulatus,Le dragonnet réticulé,90,6.5,11.5,1.0,110.0,Vivent sur le fond,,,,,,,,,,,
470,471,Callionymus risso,Le callionyme bélène,90,5.0,6,10.0,80.0,Vivent sur le fond,,,,,,,,,,,
471,472,Callionymus pusillus,Le dragonnet élégant,90,8.0,12,1.0,5.0,Vivent sur le fond,,,,,,,,,,,
472,473,Callionymus filamentosus,Le dragonnet de Mer Rouge,90,7.0,11,1.0,100.0,Vivent sur le fond,,,,,,,,,,,
473,474,Synchiropus phaeton,Le dragonnet phaeton,90,10.0,12,80.0,650.0,Vivent sur le fond,,,,,,,,,,,
474,475,Synodus saurus,Le poisson-lézard rayé,91,25.0,30,5.0,50.0,Vivent sur le fond,,,,,,,,,,,
475,476,Synodus synodus,Le poisson-lézard atlantique,91,20.0,25,5.0,50.0,Vivent sur le fond,,,,,,,,,,,
476,477,Saurida undosquamis,Le poisson-lézard à grandes écailles,91,30.0,50,20.0,100.0,Vivent sur le fond,,,,,,,,,,,
477,478,Arius parkii,Le poisson chat de guinée,92,60.0,65,,,Vivent sur le fond,,,,,,,,,,,
478,479,Plotosus lineatus,Le poisson-chat géant,92,80.0,100,,,Vivent sur le fond,,,,,,,,,,,
479,480,Trachinus draco,La grande vive,93,30.0,35,5.0,20.0,Vivent sur le fond,,"1ere nageoire dorsale venimeuse, piqure douloureuse",,,,,,,,,
480,481,Trachinus araneus,La vive-araignée,93,30.0,50,5.0,100.0,Vivent sur le fond,,"1ere nageoire dorsale venimeuse, piqure douloureuse",,,,,,,,,
481,482,Trachinus radiatus,La vive à tête rayonnée,93,30.0,40,30.0,60.0,Vivent sur le fond,,"1ere nageoire dorsale venimeuse, piqure douloureuse",,,,,,,,,
482,483,Echiichthys vipera,La petite vive,93,10.0,12,0.0,10.0,Vivent sur le fond,,"1ere nageoire dorsale venimeuse, piqure douloureuse",,,,,,,,,
483,484,Uranoscopus scaber,L’uranoscope,94,25.0,30,15.0,100.0,Vivent sur le fond,,Epines post-operculaires venimeuses,,,,,,,,,
484,485,Halobatrachus didactylus,Le poisson-crapaud,95,35.0,40,5.0,30.0,Vivent sur le fond,,,,,,,,,,,
485,486,Clinitrachus argentatus,Le cline argenté,96,7.0,8,0.0,1.0,Vivent sur le fond,,,,,,,,,,,
486,487,Tripterygion delaisi,Le triptérygion jaune,97,6.0,7,5.0,20.0,Vivent sur le fond,,,,,,,,,,,
487,488,Tripterygion tripteronotum,Le tripterygion rouge,97,6.0,7,0.0,3.0,Vivent sur le fond,,,,,,,,,,,
488,489,Tripterygion melanurus,Le tryptérigion nain,97,4.0,4.5,0.5,15.0,Vivent sur le fond,,,,,,,,,,,
489,490,Petromyzon marinus,La lamproie marine,98,70.0,80,5.0,20.0,Vivent sur le fond,,,,,,,,,,,
490,491,Lampetra fluviatilis,La lamproie fluviatile,98,30.0,50,0.0,20.0,Vivent sur le fond,,,,,,,,,,,
491,492,Lethenteron camtschaticum,La lamproie arctique,98,40.0,62,,,Vivent sur le fond,,,,,,,,,,,
492,493,Myxine glutinosa,La myxine,99,30.0,80,20.0,600.0,Vivent sur le fond,,,,,,,,,,,
493,494,Conger conger,Le congre,100,150.0,200,5.0,100.0,Vivent sur le fond,,Morsure possible,,,,,,,,,
494,495,Gnathophis mystax,Le congre bec fin,100,40.0,60,50.0,800.0,Vivent sur le fond,,,,,,,,,,,
495,496,Rhynchoconger trewavasae,Le congre de trewasas,100,50.0,60,50.0,70.0,Vivent sur le fond,,,,,,,,,,,
496,497,Chlopsis bicolor,Le xénocongre bicolore,101,30.0,42,20.0,350.0,Vivent sur le fond,,,,,,,,,,,
497,498,Ariosoma balearicum,Le congre des baléares,100,40.0,50,20.0,100.0,Vivent sur le fond,,,,,,,,,,,
498,499,Paraconger macrops,Le congre à tache noire,100,40.0,50,30.0,80.0,Vivent sur le fond,,,,,,,,,,,
499,500,Heteroconger longissimus,Le congre jardinier,100,40.0,50,12.0,30.0,Vivent sur le fond,,,,,,,,,,,
500,501,Anguilla anguilla,L’anguille,102,80.0,100,0.0,5.0,Vivent sur le fond,,,,,,,,,,,
501,502,Anarchias euryurus,L’anarchias,103,25.0,25,10.0,100.0,Vivent sur le fond,,,,,,,,,,,
502,503,Gymnothorax unicolor,La murène chocolat,103,80.0,90,1.0,80.0,Vivent sur le fond,,Morsure possible,,,,,,,,,
503,504,Muraena helena,La murène commune,103,120.0,130,5.0,50.0,Vivent sur le fond,,Morsure possible,,,,,,,,,
504,505,Muraena melanotis,La murène à pois,103,60.0,80,1.0,50.0,Vivent sur le fond,,,,,,,,,,,
505,506,Gymnothorax vicinus,La murène grise,103,50.0,50,1.0,40.0,Vivent sur le fond,,,,,,,,,,,
506,507,Enchelycore anatina,La murène des îles,103,80.0,110,1.0,30.0,Vivent sur le fond,,,,,,,,,,,
507,508,Dalophis imberbis,Le serpenton imberbe,104,100.0,120,20.0,80.0,Vivent sur le fond,,,,,,,,,,,
508,509,Apterichtus caecus,L’anguille-serpent aptère,104,50.0,60,5.0,20.0,Vivent sur le fond,,,,,,,,,,,
509,510,Apterichtus anguiformis,L’anguille-serpent à bouche noire,104,50.0,60,10.0,40.0,Vivent sur le fond,,,,,,,,,,,
510,511,Pisodonophis semicinctus,Le serpenton à selles,104,60.0,80,10.0,30.0,Vivent sur le fond,,,,,,,,,,,
511,512,Echelus myrus,Le serpenton miro,104,80.0,100,30.0,190.0,Vivent sur le fond,,,,,,,,,,,
512,513,Ophichthus rufus,Le sepenton jaunâtre,104,50.0,60,50.0,300.0,Vivent sur le fond,,,,,,,,,,,
513,514,Ophichtus ophis,Le serpenton tacheté,104,80.0,100,10.0,30.0,Vivent sur le fond,,,,,,,,,,,
514,515,Ophisurus serpens,Le serpenton à long nez,104,180.0,200,50.0,300.0,Vivent sur le fond,,,,,,,,,,,
515,516,Muraenesox cinereus,Le congre-brochet à dents de sabre,105,150.0,170,20.0,50.0,Vivent sur le fond,,,,,,,,,,,
516,517,Cynoponticus ferox,Le congre-brochet féroce,105,50.0,60,10.0,100.0,Vivent sur le fond,,,,,,,,,,,
517,518,Panturichthys fowleri,L’anguille à tête courte,106,60.0,70,30.0,60.0,Vivent sur le fond,,,,,,,,,,,
518,519,Nettastoma melanura,La sorcière à queue noire,107,60.0,80,80.0,400.0,Vivent sur le fond,,,,,,,,,,,
519,520,Facciolella oxyrhynchus,La sorcière de Facciola,107,60.0,70,30.0,500.0,Vivent sur le fond,,,,,,,,,,,
520,521,Cepola macrophtalma,La cépole,108,40.0,50,40.0,100.0,Vivent sur le fond,,,,,,,,,,,
521,522,Carapus acus,L’aurin,109,15.0,20,20.0,50.0,Vivent sur le fond,,,,,,,,,,,
522,523,Echiodon dentatus,Le fierasfer denté,109,15.0,17,80.0,500.0,Vivent sur le fond,,,,,,,,,,,
523,524,Echiodon drummondii,Le fierasfer atlantique,109,25.0,30,150.0,270.0,Vivent sur le fond,,,,,,,,,,,
524,525,Pholis gunnellus,La gonnelle,110,22.0,25,0.0,30.0,Vivent sur le fond,,,,,,,,,,,
525,526,Lumpenus lampretaeformis,La blennie-serpent,111,35.0,50,30.0,200.0,Vivent sur le fond,,,,,,,,,,,
526,527,Leptoclinus maculatus,La lompénie tachetée,111,18.0,22,15.0,250.0,Vivent sur le fond,,,,,,,,,,,
527,528,Parophidion vassali,La donzelle à nageoires rouges,112,20.0,26,20.0,200.0,Vivent sur le fond,,,,,,,,,,,
528,529,Ophidion rochei,La donzelle à nageoires jaunes,112,20.0,25,5.0,20.0,Vivent sur le fond,,,,,,,,,,,
529,530,Ophidion barbatum,La donzelle à nageoires noires,112,20.0,26,10.0,100.0,Vivent sur le fond,,,,,,,,,,,
530,531,Pleuronectes platessa,La plie,113,50.0,70,5.0,100.0,Vivent sur le fond,,,,,,,,,,,
531,532,Platichthys flesus,Le flet,113,35.0,40,1.0,25.0,Vivent sur le fond,,,,,,,,,,,
532,533,Limanda limanda,La limande,113,30.0,35,20.0,40.0,Vivent sur le fond,,,,,,,,,,,
533,534,Microstomus kitt,La limande-sole,113,35.0,40,20.0,100.0,Vivent sur le fond,,,,,,,,,,,
534,535,Glyptocephalus cynoglossus,La plie-cynoglosse,113,35.0,40,50.0,150.0,Vivent sur le fond,,,,,,,,,,,
535,536,Hippoglossus hippoglossus,Le flétan,113,150.0,180,5.0,100.0,Vivent sur le fond,,,,,,,,,,,
536,537,Reinhardtius hippoglossoides,Le flétan noir,113,70.0,80,50.0,2000.0,Vivent sur le fond,,,,,,,,,,,
537,538,Hippoglossoides platessoides,Le balai,113,30.0,35,40.0,200.0,Vivent sur le fond,,,,,,,,,,,
538,539,Arnoglossus thori,L’arnoglosse de Thor,114,18.0,20,15.0,50.0,Vivent sur le fond,,,,,,,,,,,
539,540,Arnoglossus imperialis,L’arnoglosse imperial,114,20.0,25,80.0,100.0,Vivent sur le fond,,,,,,,,,,,
540,541,Arnoglossus laterna,L’arnoglosse lanterne,114,18.0,22,10.0,400.0,Vivent sur le fond,,,,,,,,,,,
541,542,Arnoglossus grohmanni,L’arnoglosse de kessler,114,10.0,13,10.0,200.0,Vivent sur le fond,,,,,,,,,,,
542,543,Bothus podas,Le rombou,114,23.0,28,10.0,50.0,Vivent sur le fond,,,,,,,,,,,
543,544,Bothus pantherinus,Le rombou-léopard,114,20.0,23,3.0,15.0,Vivent sur le fond,,,,,,,,,,,
544,545,Citharus linguatula,La feuille,115,25.0,30,20.0,40.0,Vivent sur le fond,,,,,,,,,,,
545,546,Lepidorhombus whiffiagonis,La cardine franche,116,40.0,45,50.0,400.0,Vivent sur le fond,,,,,,,,,,,
546,547,Lepidorhombus boscii,La cardine à 4 taches,116,30.0,35,150.0,400.0,Vivent sur le fond,,,,,,,,,,,
547,548,Zeugopterus punctatus,Le targeur,116,25.0,28,5.0,30.0,Vivent sur le fond,,,,,,,,,,,
548,549,Zeugopterus regius,La cardine chevelue,116,20.0,23,20.0,50.0,Vivent sur le fond,,,,,,,,,,,
549,550,Phrynorhombus norvegicus,Le petit turbot de roche,116,12.0,14,20.0,50.0,Vivent sur le fond,,,,,,,,,,,
550,551,Scophthalmus maximus,Le turbot,116,50.0,80,2.0,70.0,Vivent sur le fond,,,,,,,,,,,
551,552,Scophthalmus rhombus,La barbue,116,50.0,75,2.0,70.0,Vivent sur le fond,,,,,,,,,,,
552,553,Solea solea,La sole commune,117,35.0,40,0.0,80.0,Vivent sur le fond,,,,,,,,,,,
553,554,Solea aegyptiaca,La sole ègyptienne,117,20.0,30,1.0,50.0,Vivent sur le fond,,,,,,,,,,,
554,555,Solea senegalensis,La sole du Sénégal,117,35.0,60,0.0,100.0,Vivent sur le fond,,,,,,,,,,,
555,556,Pegusa lascaris,La sole pole,117,25.0,30,20.0,50.0,Vivent sur le fond,,,,,,,,,,,
556,557,Synapturichthys kleinii,La sole tachetée,117,25.0,40,10.0,120.0,Vivent sur le fond,,,,,,,,,,,
557,558,Microchirus boscanion,La sole perdrix à nageoires striées,117,10.0,12,10.0,200.0,Vivent sur le fond,,,,,,,,,,,
558,559,Microchirus ocellatus,La sole perdrix ocellée,117,18.0,22,20.0,400.0,Vivent sur le fond,,,,,,,,,,,
559,560,Microchirus hexophthalmus,La sole à 6 yeux,117,18.0,22,5.0,150.0,Vivent sur le fond,,,,,,,,,,,
560,561,Microchirus azevia,La sole perdrix brune,117,30.0,40,20.0,250.0,Vivent sur le fond,,,,,,,,,,,
561,562,Microchirus variegatus,La sole perdrix panachée,117,15.0,18,50.0,300.0,Vivent sur le fond,,,,,,,,,,,
562,563,Monochirus hispidus,La sole velue,117,15.0,18,10.0,100.0,Vivent sur le fond,,,,,,,,,,,
563,564,Buglossidium luteum,La petite sole jaune,117,10.0,13,10.0,40.0,Vivent sur le fond,,,,,,,,,,,
564,565,Dicologlossa cuneata,Le céteau,117,25.0,30,10.0,100.0,Vivent sur le fond,,,,,,,,,,,
565,566,Dagetichthys lusitanicus,La sole ruardon commune,117,30.0,40,5.0,60.0,Vivent sur le fond,,,,,,,,,,,
566,567,Symphurus ligulatus,La plagusie longue,118,8.0,10,20.0,800.0,Vivent sur le fond,,,,,,,,,,,
567,568,Symphurus nigrescens,La plagusie sombre,118,10.0,12,47.0,1000.0,Vivent sur le fond,,,,,,,,,,,
568,569,Cynoglossus sinusarabici,La sole-langue de mer rouge,118,12.0,15,5.0,15.0,Vivent sur le fond,,,,,,,,,,,
569,570,Abantennarius nummifer,Le poisson crapaud tacheté,119,9.0,10,10.0,20.0,Vivent sur le fond,,,,,,,,,,,
570,571,Lophius piscatorius,La baudroie commune,120,120.0,150,20.0,500.0,Vivent sur le fond,,,,,,,,,,,
571,572,Lophius budegassa,La baudroie rousse,120,50.0,80,50.0,500.0,Vivent sur le fond,,,,,,,,,,,
572,573,Agonus cataphractus,La souris de mer,121,16.0,18,10.0,150.0,Vivent sur le fond,,,,,,,,,,,
573,574,Cyclopterus lumpus,Le lompe,122,40.0,50,20.0,150.0,Vivent sur le fond,,,,,,,,,,,
574,575,Liparis liparis,La grande limace de mer,123,12.0,15,1.0,100.0,Vivent sur le fond,,,,,,,,,,,
575,576,Liparis montagui,La petite limace de mer,123,8.0,10,0.0,30.0,Vivent sur le fond,,,,,,,,,,,
576,577,Gouania willdenowi,La gouanie,124,5.0,6,0.0,1.0,Vivent sur le fond,,,,,,,,,,,
577,578,Lepadogaster candolii,Le porte-ecuelle de Candolle,124,6.0,7,1.0,20.0,Vivent sur le fond,,,,,,,,,,,
578,579,Lepadogaster lepadogaster,Le porte ecuelle de Gouan,124,5.0,6,0.0,1.0,Vivent sur le fond,,,,,,,,,,,
579,580,Opeatogenys gracilis,Le porte ecuelle grêle,124,2.0,3,3.0,20.0,Vivent sur le fond,,,,,,,,,,,
580,581,Apletodon incognitus,Le porte ecuelle des oursins,124,3.0,3.5,1.0,20.0,Vivent sur le fond,,,,,,,,,,,
581,582,Apletodon dentatus,Le porte écuelle à petite tête,124,4.0,4.5,0.0,20.0,Vivent sur le fond,,,,,,,,,,,
582,583,Diplecogaster bimaculata,Le porte-ecuelle à 2 taches,124,4.0,4.5,10.0,50.0,Vivent sur le fond,,,,,,,,,,,
583,584,Hippocampus guttulatus,L’hippocampe moucheté,32,10.0,12,1.0,10.0,Vivent sur le fond,,,,,,,,,,,
584,585,Hippocampus fuscus,L’hippocampe terne,32,12.0,15,,,Vivent sur le fond,,,,,,,,,,,
585,586,Hippocampus guttulatus,L’hippocampe à ramules,32,10.0,14,,,Vivent sur le fond,,,,,,,,,,,
586,587,Hippocampus hippocampus,L’hippocampe à nez court,32,9.0,11,1.0,10.0,Vivent sur le fond,,,,,,,,,,,
587,588,Syngnathus acus,Le syngnathe aiguille,32,30.0,40,1.0,15.0,Vivent sur le fond,,,,,,,,,,,
588,589,Syngnathus tenuirostris,Le syngnathe à museau long,32,30.0,39,1.0,25.0,Vivent sur le fond,,,,,,,,,,,
589,590,Syngnathus rostellatus,Le syngnathe de Duméril,32,15.0,17,1.0,15.0,Vivent sur le fond,,,,,,,,,,,
590,591,Syngnathus typhle,Le siphonostome atlantique,32,20.0,25,1.0,20.0,Vivent sur le fond,,,,,,,,,,,
591,592,Syngnathus typhle rondeleti,Le siphonostome de méditerranée,32,30.0,35,5.0,20.0,Vivent sur le fond,,,,,,,,,,,
592,593,Syngnathus taenionotus,Le syngnathe de l’Adriatique,32,20.0,25,1.0,20.0,Vivent sur le fond,,,,,,,,,,,
593,594,Syngnathus abaster,Le syngnathe de lagune,32,10.0,15,0.0,5.0,Vivent sur le fond,,,,,,,,,,,
594,595,Entelurus aequoreus,L’entélure,32,30.0,50,1.0,20.0,Vivent sur le fond,,,,,,,,,,,
595,596,Nerophis maculatus,Le nérophis tacheté,32,20.0,25,1.0,20.0,Vivent sur le fond,,,,,,,,,,,
596,597,Nerophis ophidion,Le nèrophis ophidion,32,22.0,25,1.0,10.0,Vivent sur le fond,,,,,,,,,,,
597,598,Nerophis lumbriciformis,Le nérophis lombricoïde,32,12.0,15,0.0,5.0,Vivent sur le fond,,,,,,,,,,,
598,599,Mynyichthys sentus,Le syngnathe nain,32,5.0,6,50.0,100.0,Vivent sur le fond,,,,,,,,,,,
